Instrument,Price,Quantity,Timestamp,Trade Reference,Instrument Type,Underlying Asset,Client Reference
ZARGBP,0.0634,91,1499156347,,BUY,,
ZARAUD,0.1023,6489,1498980022,,SELL,UA_8,
NZDEUR,0.6509,6809,1499155387,TR_3,SELL,UA_8,CR_3
ZARCHF,0.0684,3158,1499007924,TR_4,BUY,,
CHFUSD,1.0257,2195,1499055334,,BUY,,
EURNZD,1.4586,1591,1499035669,,,,CR_3
NZDGBP,0.5736,696,1499015447,TR_3,BUY,UA_7,CR_2
CADGBP,0.5774,4448,1499194622,,,UA_3,
JPYEUR,0.0084,7107,1499212091,,,,CR_1
CHFCAD,1.1947,6096,1499195341,,,,
AUDGBP,0.6366,4030,1499078618,,,UA_9,CR_2
GBPCAD,1.7698,3218,1498907747,TR_3,BUY,UA_7,CR_1
NZDGBP,0.5318,9613,1499058369,TR_5,BUY,UA_8,
ZARNZD,0.1063,9616,1499199768,TR_4,BUY,UA_3,CR_3
AUDEUR,0.6363,4395,1499028934,,SELL,UA_6,CR_1
CHFNZD,1.393,6255,1499194808,TR_1,SELL,UA_7,
NZDZAR,9.8375,2192,1499083291,,,UA_1,
EURCHF,1.0556,5637,1498911796,,SELL,,CR_3
JPYCAD,0.011,9034,1499054690,TR_4,,UA_5,CR_2
ZARJPY,7.6715,9775,1499075746,TR_2,BUY,UA_8,
NZDCAD,0.9635,1606,1498932378,TR_1,SELL,,
NZDEUR,0.619,4785,1499012090,,,UA_10,
NZDJPY,84.3996,5219,1499018429,TR_2,SELL,UA_5,CR_3
EURGBP,0.9402,3366,1499151968,TR_4,,,
USDZAR,11.7536,9443,1499144629,,BUY,,
CHFZAR,13.817,5681,1498997841,TR_3,BUY,,CR_1
CADGBP,0.5698,3317,1498939647,,BUY,,CR_3
AUDNZD,1.042,6880,1498963285,,BUY,UA_5,CR_2
CHFZAR,13.2622,3009,1498912877,TR_4,,,
USDGBP,0.8239,4786,1498954112,TR_4,BUY,,
EURJPY,118.278,547,1499027100,TR_5,SELL,UA_7,CR_1
USDJPY,121.4866,686,1499169557,,,,
CADAUD,1.0388,4555,1499129542,,BUY,UA_8,CR_1
AUDUSD,0.8729,5282,1498969835,TR_3,BUY,UA_9,
AUDCAD,1.0077,7338,1499102373,,SELL,,
JPYUSD,0.0098,521,1499170452,TR_2,,,
EURNZD,1.5029,2890,1499166126,,SELL,UA_9,CR_3
USDZAR,13.9227,8334,1499159710,,BUY,UA_8,CR_1
ZARCHF,0.0783,4932,1499009437,,BUY,UA_8,CR_3
ZARCHF,0.0697,7497,1499174936,TR_5,SELL,UA_7,CR_1
JPYCHF,0.0086,9019,1499174860,,,,CR_3
ZARNZD,0.1085,1710,1498932399,TR_1,,,CR_2
CHFAUD,1.3424,5145,1499133399,TR_1,BUY,UA_3,CR_2
CADAUD,0.9477,9507,1498961039,TR_1,BUY,UA_4,CR_3
JPYCAD,0.0114,277,1499026039,TR_2,,,CR_2
EURJPY,122.872,2232,1498903617,,BUY,,CR_3
CADZAR,10.4175,2729,1498965375,,,,
CHFEUR,0.9328,2933,1499114220,TR_3,,,CR_2
JPYCAD,0.011,3440,1498978449,,SELL,,
USDCAD,1.1331,7331,1499102436,TR_3,SELL,,
GBPEUR,1.0853,449,1499171919,,,UA_1,CR_1
AUDNZD,0.9869,3683,1499116545,,SELL,,CR_2
USDEUR,0.8872,1129,1499021733,TR_4,SELL,,
JPYCHF,0.0092,8567,1498965072,TR_2,SELL,,CR_2
ZARGBP,0.0607,2018,1499175417,TR_1,BUY,UA_1,
EURAUD,1.3239,3320,1499192012,TR_5,,UA_4,
GBPUSD,1.3297,9969,1498950889,,,,CR_1
GBPJPY,153.4488,3294,1498915249,TR_3,SELL,,CR_2
CADZAR,10.3858,7932,1499137308,TR_1,,,
GBPJPY,148.4513,6151,1499205969,TR_1,BUY,UA_4,
EURJPY,118.731,3558,1498896425,TR_1,SELL,,CR_3
JPYNZD,0.0114,9932,1499016612,,,,
ZARCAD,0.0899,6411,1499067792,TR_1,BUY,,CR_2
EURCAD,1.5421,8445,1499127337,TR_4,,UA_9,
EURCAD,1.562,3710,1499021024,,SELL,,CR_1
CHFNZD,1.4405,4579,1499194959,TR_1,SELL,UA_8,CR_3
EURGBP,0.8297,6676,1499106616,TR_2,,,
ZAREUR,0.0668,5320,1498953776,TR_2,SELL,,
NZDGBP,0.6217,2920,1498923314,,,UA_5,CR_2
GBPJPY,152.5754,4438,1499032215,,SELL,UA_3,CR_1
CADNZD,1.1226,7382,1499185077,TR_5,BUY,UA_8,
CHFJPY,104.2063,4038,1499034734,TR_2,,,
USDAUD,1.1312,8725,1499054206,TR_5,,UA_2,
NZDCAD,0.8971,1612,1498919602,TR_4,SELL,,CR_1
NZDZAR,10.1311,7893,1499148790,,SELL,,
ZAREUR,0.0645,4226,1499112461,TR_4,BUY,,CR_1
AUDCAD,0.9928,734,1498945666,,,,CR_2
JPYNZD,0.011,1891,1498953302,TR_5,,UA_1,CR_2
JPYEUR,0.0075,5528,1498947654,TR_5,,,
USDCAD,1.2402,2021,1499135997,,BUY,UA_3,CR_3
USDCHF,1.001,2982,1499044827,TR_5,SELL,UA_6,CR_1
JPYCHF,0.0084,1822,1499075540,TR_2,,UA_2,
JPYUSD,0.0093,1722,1499113066,,,UA_3,CR_1
USDAUD,1.3599,6568,1499090695,TR_1,,,CR_2
JPYZAR,0.1223,3227,1498901143,TR_3,SELL,,CR_2
GBPEUR,1.1976,7019,1498972112,TR_1,,UA_10,CR_2
CADUSD,0.8053,3599,1498932834,,,,CR_2
CHFCAD,1.2767,9192,1499006660,TR_3,SELL,,CR_3
JPYZAR,0.1251,2344,1499016290,TR_5,BUY,UA_5,
JPYZAR,0.1179,3779,1499120624,TR_3,,UA_2,CR_3
AUDZAR,9.554,5014,1499056669,,BUY,UA_8,CR_1
CADZAR,10.2606,9359,1499071719,TR_5,,UA_8,CR_3
JPYCHF,0.0082,3969,1499191715,TR_5,BUY,UA_9,
EURJPY,140.3375,8674,1499060060,TR_1,BUY,,
ZARAUD,0.0872,8721,1498924622,,,,
JPYGBP,0.0066,949,1499171160,,SELL,UA_6,
JPYNZD,0.0125,8590,1499010821,TR_4,,UA_1,
AUDEUR,0.669,5548,1499003602,,BUY,UA_3,
CADNZD,1.094,5831,1499176368,TR_3,BUY,UA_3,CR_2
EURCHF,1.0345,8573,1498955778,TR_3,,,
USDZAR,13.6362,7855,1499031454,TR_3,SELL,,CR_2
CHFZAR,14.2004,2116,1499057546,,SELL,UA_7,
JPYGBP,0.0068,7158,1499024289,TR_3,,UA_5,
GBPCAD,1.7401,6971,1499163029,,BUY,,CR_2
GBPUSD,1.4114,7553,1498950135,TR_1,SELL,,CR_3
CHFNZD,1.4324,8428,1499154075,,BUY,,CR_2
EURGBP,0.8228,3815,1498921739,TR_5,BUY,,
EURZAR,16.277,9490,1498912558,,BUY,,
CHFEUR,0.9604,3019,1498909368,TR_3,SELL,,CR_1
ZARCHF,0.074,4176,1499062907,TR_2,,,CR_1
CHFJPY,108.2561,8251,1498908051,TR_1,SELL,UA_2,
JPYCHF,0.0093,6928,1499040012,TR_3,,,CR_3
USDCAD,1.1827,7793,1499214016,TR_2,,UA_6,
NZDJPY,91.4291,6437,1499018758,,BUY,UA_7,
CHFGBP,0.8488,8951,1498917050,TR_1,BUY,,CR_2
NZDUSD,0.6944,551,1499079094,TR_4,SELL,UA_9,CR_2
CADJPY,92.6902,6870,1498978718,,SELL,UA_6,
NZDCHF,0.6726,6820,1498964464,,,UA_8,CR_1
CADCHF,0.7583,1323,1499144894,TR_2,SELL,UA_2,
CADZAR,11.4813,3654,1499067491,,SELL,,
ZARAUD,0.0939,1135,1499132611,TR_2,BUY,,CR_3
CHFCAD,1.3827,928,1499037878,,SELL,UA_2,
CADGBP,0.5789,6548,1499156171,TR_5,,,CR_1
CADGBP,0.6075,2426,1498900995,TR_4,BUY,,
ZARJPY,8.2317,1712,1499020831,,SELL,UA_6,CR_3
NZDJPY,85.3214,5116,1499099954,,SELL,,
NZDJPY,75.3073,6293,1499145797,,,UA_4,
USDZAR,13.3124,4385,1499181356,,BUY,UA_10,
NZDCHF,0.6798,5686,1499101120,,BUY,,
ZARCAD,0.0859,9267,1498990412,TR_3,SELL,UA_3,
AUDNZD,1.0975,2191,1499102953,,SELL,UA_4,CR_1
USDAUD,1.1262,9323,1499108650,,SELL,,CR_3
JPYEUR,0.0075,8952,1498951005,TR_2,BUY,,CR_3
JPYCHF,0.0085,4836,1499059074,TR_4,SELL,UA_4,CR_3
GBPNZD,1.6254,1405,1498996509,,,,
EURCAD,1.5654,7839,1498991079,,,,CR_3
USDJPY,116.8281,8037,1499015046,TR_3,BUY,,CR_1
USDNZD,1.4216,8572,1499027712,TR_1,,,
ZARCAD,0.1003,7443,1499147245,,SELL,,CR_1
CHFAUD,1.2481,2040,1499003827,,SELL,,
JPYUSD,0.0094,1256,1499131598,TR_4,BUY,UA_10,CR_3
ZARAUD,0.0985,4906,1499027821,,BUY,UA_1,CR_1
CHFJPY,122.2239,1211,1499088148,,BUY,UA_3,CR_1
GBPJPY,139.5467,3644,1499149670,TR_2,BUY,UA_5,
AUDNZD,1.1594,6661,1499174726,TR_1,,UA_5,
AUDGBP,0.5873,8097,1498902673,,BUY,UA_1,
USDNZD,1.3988,2550,1499163444,,,UA_8,
NZDEUR,0.6384,4380,1498989463,TR_3,,UA_7,
EURAUD,1.4778,4499,1499030693,,,,CR_1
EURJPY,131.776,3054,1498933359,TR_1,SELL,,CR_1
USDZAR,13.9822,2429,1498998183,,SELL,UA_6,CR_2
GBPEUR,1.088,6889,1499129935,TR_4,BUY,UA_6,CR_2
NZDGBP,0.543,4048,1498982127,,SELL,UA_5,CR_2
ZARJPY,9.2743,2347,1498896649,TR_4,,,
EURJPY,125.727,8896,1499058131,TR_3,SELL,,
CHFCAD,1.3957,5901,1499118482,TR_2,BUY,UA_7,CR_2
CADZAR,9.7328,2297,1499184650,,,UA_6,CR_3
CADAUD,1.0708,8909,1498928190,,,,
CHFJPY,109.7862,4901,1498897233,TR_4,SELL,,CR_1
ZAREUR,0.0602,7270,1499112881,,SELL,UA_5,
GBPEUR,1.1856,1911,1499206993,TR_3,BUY,,CR_1
JPYCAD,0.0111,7006,1499193023,TR_5,BUY,UA_3,
CADGBP,0.5817,8309,1498898844,,SELL,UA_5,
AUDCHF,0.8202,6829,1499161581,,,UA_7,
JPYGBP,0.0067,2157,1498944666,,BUY,,
EURGBP,0.9793,5612,1499157788,,SELL,UA_9,
JPYAUD,0.0124,7624,1498990938,,,,
AUDCAD,1.0335,4321,1499114820,,SELL,,CR_1
NZDJPY,86.4771,1543,1499163663,,BUY,,
USDZAR,12.1592,6283,1499149338,,,UA_5,
GBPZAR,18.3897,9465,1498983574,TR_5,BUY,,CR_2
CADUSD,0.8813,1046,1498902540,TR_5,,,CR_1
GBPUSD,1.2353,3795,1499207445,,BUY,,
GBPZAR,16.9886,9909,1498925489,TR_2,,UA_8,
ZARGBP,0.0548,1848,1499205649,,,UA_6,CR_2
GBPEUR,1.1891,539,1499077246,,SELL,UA_1,
AUDZAR,11.3523,6811,1499029783,,BUY,,
USDCHF,0.9524,6032,1498916264,,SELL,,CR_3
GBPJPY,143.6562,6053,1498898795,TR_3,,UA_5,
AUDUSD,0.729,5276,1498966633,TR_5,,UA_1,CR_2
EURUSD,1.211,7029,1499177622,TR_5,SELL,UA_6,
USDZAR,11.816,6813,1499158412,TR_1,BUY,,
JPYNZD,0.0131,4384,1498926093,,BUY,,CR_2
CHFJPY,123.5834,2179,1498931531,TR_4,SELL,UA_3,CR_3
JPYZAR,0.1186,3533,1498995851,TR_4,SELL,,CR_1
AUDJPY,93.9588,7961,1498981146,,BUY,UA_6,CR_1
USDGBP,0.8283,3284,1499058983,,,UA_5,
NZDJPY,82.9129,714,1499190324,TR_2,SELL,UA_3,
JPYGBP,0.007,1037,1499085867,TR_5,BUY,,
CHFJPY,111.6073,7057,1499118980,,,UA_1,
CHFUSD,1.0109,7459,1499041161,TR_5,SELL,UA_7,CR_1
CADGBP,0.6448,7194,1499013366,TR_1,SELL,,
AUDGBP,0.5941,5587,1498977593,,BUY,,
GBPJPY,138.4555,4472,1499036186,TR_3,BUY,UA_7,
JPYEUR,0.0079,7215,1499105806,TR_5,,,
ZAREUR,0.0645,7748,1499060126,TR_5,SELL,UA_5,CR_1
NZDUSD,0.7697,7821,1498971832,,,UA_2,CR_1
AUDZAR,9.4787,4386,1498940976,TR_4,SELL,,
USDJPY,110.5367,4498,1498895123,,SELL,,
CADJPY,97.5795,5484,1499015165,,BUY,,CR_3
USDEUR,0.7828,7707,1499214469,TR_2,,,CR_1
USDCHF,0.9801,8749,1498916976,TR_2,,UA_10,CR_1
NZDCHF,0.7962,8178,1499053548,TR_2,SELL,UA_4,CR_2
JPYCHF,0.0095,5618,1498970885,TR_2,,UA_2,CR_1
NZDUSD,0.714,8031,1498947863,,BUY,UA_10,
NZDCAD,0.994,7035,1499075602,,BUY,,CR_2
JPYCHF,0.0088,1797,1499075499,TR_5,,UA_5,CR_1
AUDUSD,0.793,7852,1499056375,TR_5,,UA_2,CR_3
JPYCHF,0.0086,8948,1499064820,TR_3,BUY,,
GBPUSD,1.3151,6982,1499120574,,,UA_3,CR_1
CHFEUR,0.9155,2840,1498975991,TR_4,BUY,UA_8,
NZDEUR,0.5892,9883,1499147120,,,UA_4,
CADEUR,0.6867,7549,1498971896,TR_5,SELL,,CR_2
USDEUR,0.9231,912,1499127374,,,UA_9,CR_1
AUDGBP,0.5495,2043,1499043235,,,,
AUDGBP,0.5556,5236,1499210688,,,,
ZARGBP,0.0573,2955,1498978868,TR_5,,UA_3,
JPYEUR,0.0084,1837,1498993439,TR_5,,,
JPYNZD,0.0115,9914,1499072695,TR_2,BUY,,CR_3
NZDUSD,0.7615,6295,1498993384,,BUY,,
JPYAUD,0.0105,8300,1498900060,,BUY,,
USDAUD,1.3377,1795,1499020841,,,UA_1,CR_3
NZDAUD,0.9915,2217,1499193766,,BUY,,CR_2
USDGBP,0.7611,9848,1499110728,TR_5,,UA_3,
USDJPY,110.4538,6511,1499138214,TR_3,SELL,UA_4,CR_3
CADZAR,10.2242,3589,1498939113,,,,
GBPZAR,18.5831,3650,1498991871,TR_4,SELL,UA_1,
NZDEUR,0.6354,9547,1499141619,,BUY,UA_7,
GBPZAR,17.4619,344,1499059617,,,,CR_1
CADUSD,0.8759,1194,1499177286,TR_4,,,
GBPUSD,1.4399,9735,1499056029,TR_4,,,CR_1
NZDZAR,10.3078,8356,1498924931,TR_1,,UA_9,CR_1
NZDEUR,0.5866,470,1499084190,,,UA_3,CR_3
NZDUSD,0.7018,7964,1499126059,,SELL,UA_7,CR_1
GBPJPY,131.2508,7599,1499076016,TR_3,,UA_7,CR_3
EURAUD,1.4766,4505,1498976949,,SELL,,
GBPAUD,1.5768,1074,1499187177,,,UA_10,
AUDNZD,1.1269,489,1498927217,TR_3,,,
AUDCHF,0.7772,5961,1499042176,TR_3,,UA_5,
JPYCHF,0.0092,8068,1499031354,TR_3,,UA_7,
USDNZD,1.3583,8035,1498954448,,BUY,,CR_2
CHFCAD,1.391,923,1499095741,,BUY,,
JPYCHF,0.0093,2755,1499144556,TR_3,BUY,,CR_1
ZARAUD,0.0917,3828,1498955004,,SELL,,CR_1
CADUSD,0.8213,7415,1499063365,,BUY,,CR_1
USDZAR,14.2482,1774,1499113111,,SELL,UA_7,
NZDCAD,0.9684,5128,1499038802,TR_4,,,
CADGBP,0.6699,4869,1499094537,,,UA_7,
USDGBP,0.7246,8732,1498904690,TR_3,,UA_10,
CHFEUR,0.9364,4776,1499063774,TR_4,SELL,UA_7,
GBPCHF,1.2636,1872,1499195795,,SELL,,
USDGBP,0.7559,2254,1498938191,TR_5,BUY,UA_5,
NZDCHF,0.7921,7811,1499137980,,BUY,UA_2,
USDNZD,1.4538,8472,1499198348,TR_3,,UA_5,
ZAREUR,0.0711,3570,1499080773,,,,
USDZAR,12.2819,1264,1499014372,TR_5,BUY,,
CHFNZD,1.3121,5132,1499038904,,SELL,,
GBPEUR,1.1661,8399,1499128682,TR_3,BUY,UA_2,
USDAUD,1.2902,8139,1499105480,,SELL,,CR_2
CHFAUD,1.242,4413,1498945542,,BUY,UA_5,CR_3
ZARJPY,9.3228,8763,1499014612,,SELL,UA_2,CR_2
ZAREUR,0.0675,8338,1499151403,TR_2,,,
GBPZAR,18.7469,1965,1499018907,,,UA_4,CR_3
NZDZAR,9.7596,3359,1499062509,TR_5,SELL,,
NZDCAD,0.9638,1539,1499103054,,SELL,,CR_2
GBPNZD,1.5771,2280,1498954017,,,UA_10,CR_2
CHFCAD,1.3791,7733,1499214232,TR_3,,UA_8,CR_1
ZAREUR,0.0617,1927,1498935457,,SELL,,
CHFJPY,107.9239,1408,1499149549,TR_4,SELL,UA_2,
JPYEUR,0.0075,699,1499144339,,,,CR_1
NZDCAD,0.9825,9725,1499118744,,,,CR_3
CHFZAR,14.7756,1083,1499203237,TR_2,,,
CHFGBP,0.7663,4317,1499100536,,,UA_6,
NZDJPY,79.3043,5999,1499011114,,BUY,UA_1,CR_2
NZDZAR,9.4768,8847,1498981992,TR_5,,UA_2,
GBPCHF,1.2981,2443,1499051071,,BUY,,
EURUSD,1.0608,3970,1499034642,,,UA_5,
ZARAUD,0.0973,5834,1499033986,TR_5,,,
NZDAUD,0.9183,207,1499180737,,,UA_9,CR_3
ZARGBP,0.0541,1699,1499041394,TR_3,,UA_10,
CHFGBP,0.8136,1367,1499025284,,BUY,UA_2,
CADZAR,10.5239,2785,1499002172,TR_5,SELL,UA_9,
GBPCHF,1.3101,9858,1499145997,,BUY,,CR_3
GBPUSD,1.1979,3166,1499070643,TR_3,BUY,UA_1,CR_1
USDNZD,1.247,3372,1499017675,,BUY,UA_1,
JPYCHF,0.0088,3224,1499040354,TR_4,,,CR_1
EURNZD,1.5361,9942,1499126146,TR_1,BUY,UA_9,
GBPZAR,16.0748,9061,1499155720,TR_3,BUY,,CR_2
EURNZD,1.669,3682,1499165051,TR_3,BUY,,
JPYCAD,0.0108,4582,1499022158,,SELL,,CR_2
ZARCHF,0.0679,1779,1499037718,TR_5,SELL,,CR_1
USDAUD,1.156,8614,1499117505,,SELL,UA_6,
USDZAR,12.1413,7862,1499155378,TR_5,,UA_3,CR_3
CADGBP,0.6278,1074,1498951235,TR_2,,UA_7,
CHFAUD,1.2843,1804,1499191853,TR_5,,UA_9,CR_3
CADAUD,1.0444,7897,1498988822,,,UA_4,
AUDNZD,1.1667,2549,1498919843,,,,CR_2
EURAUD,1.5627,2984,1498896940,,,,CR_2
AUDEUR,0.7195,5009,1499026504,TR_5,SELL,UA_9,
EURGBP,0.8764,8963,1499178778,TR_2,BUY,,CR_3
CADGBP,0.5964,5274,1498953535,TR_3,,,
USDGBP,0.7931,4755,1498940075,,,UA_7,
AUDEUR,0.6202,8125,1499124954,,BUY,UA_3,
CADJPY,84.4865,7225,1499089644,,,UA_3,
EURAUD,1.4897,602,1499082718,TR_2,,UA_2,CR_1
AUDGBP,0.5753,2980,1499017292,,,UA_7,
NZDZAR,10.4775,8266,1498937616,,BUY,UA_2,
CHFUSD,1.0589,1908,1499061534,TR_4,,,
NZDUSD,0.69,1323,1498975429,TR_4,BUY,,
EURAUD,1.4799,3387,1499019630,,SELL,,
CHFNZD,1.3446,1891,1499106267,,,UA_8,CR_3
EURZAR,14.4328,321,1499205603,,,,
JPYUSD,0.0095,5012,1499030145,TR_4,SELL,,CR_2
GBPUSD,1.3714,9660,1498930557,,,,CR_1
CADJPY,94.9518,5110,1499181619,,,UA_10,
NZDGBP,0.5813,2631,1499200113,TR_4,,,CR_1
CHFZAR,12.678,2111,1499145894,TR_5,BUY,,
EURGBP,0.954,1728,1499082683,,,,CR_1
NZDAUD,0.8717,5960,1498911641,,SELL,UA_2,CR_1
USDEUR,0.8612,9510,1498961173,,,UA_1,CR_2
EURGBP,0.8332,6619,1499003448,,,,CR_2
CADUSD,0.7402,3616,1498966417,,,UA_2,
JPYUSD,0.0095,2027,1498980055,,SELL,UA_2,CR_1
CHFAUD,1.3022,1812,1499103616,,BUY,UA_7,
CADUSD,0.7325,8689,1499167396,,SELL,,CR_2
CADGBP,0.6264,5546,1498906480,TR_2,,UA_8,CR_1
USDCHF,1.0663,1985,1499089593,TR_2,BUY,,CR_1
GBPNZD,1.8888,8008,1498950021,TR_1,,UA_9,
GBPCAD,1.5103,8167,1499089488,TR_2,,,CR_3
NZDZAR,9.9893,6681,1499204067,TR_4,SELL,UA_9,CR_2
CADUSD,0.745,2256,1499040267,TR_4,SELL,UA_8,
EURAUD,1.4324,9346,1499187264,,,,
USDJPY,107.186,4696,1499038510,TR_3,BUY,,CR_3
USDAUD,1.1581,9185,1499096537,TR_5,,,CR_2
JPYEUR,0.007,9547,1499081335,TR_5,,UA_9,CR_2
USDNZD,1.311,2552,1498949237,TR_4,BUY,,CR_2
GBPJPY,141.3737,8154,1498993821,,,,
EURNZD,1.5993,4745,1499114627,TR_3,BUY,,CR_3
USDNZD,1.346,9076,1498959449,TR_1,BUY,,
AUDUSD,0.854,2419,1499091680,TR_2,SELL,,
CADEUR,0.6612,2085,1499165786,,,,CR_2
AUDNZD,0.9594,9517,1498924498,TR_3,,,CR_1
AUDCAD,0.9221,3539,1499060990,TR_5,BUY,UA_10,
GBPNZD,1.8064,2982,1499154128,TR_5,BUY,,CR_1
GBPAUD,1.5901,57,1498938090,TR_5,SELL,,
NZDAUD,0.9768,8520,1499142490,TR_5,,,CR_2
EURZAR,15.873,6710,1499067012,TR_1,,,CR_1
CHFUSD,1.1058,4558,1499123914,,,UA_9,CR_3
CADNZD,1.1307,7249,1498933769,TR_5,BUY,,
CADZAR,10.8149,4082,1499009052,,,,
JPYEUR,0.0074,7600,1499047089,TR_4,,,
CHFJPY,115.7214,9444,1499181062,,,UA_6,CR_1
CADEUR,0.6985,6825,1499144987,,,,
AUDCHF,0.7205,6704,1499073810,,,UA_4,CR_3
EURUSD,1.1153,4738,1498984964,,,,
EURCAD,1.5234,2849,1498952793,,SELL,UA_2,CR_2
AUDEUR,0.6399,7037,1499208616,,,UA_10,
JPYCAD,0.0116,3381,1499113484,,BUY,UA_4,CR_1
AUDUSD,0.8178,9693,1499090082,,SELL,,CR_1
CHFCAD,1.2083,8930,1499172512,,SELL,,
ZARCHF,0.0719,7185,1499046903,TR_4,,,
NZDAUD,0.8832,8992,1498933618,TR_5,SELL,UA_1,CR_3
GBPNZD,1.8045,7863,1498985830,TR_3,SELL,,CR_2
CHFAUD,1.3611,8843,1499061644,,BUY,UA_1,
JPYGBP,0.0075,4797,1498944089,TR_5,,UA_4,CR_3
NZDZAR,8.9697,8411,1499115158,,BUY,,
AUDJPY,79.797,123,1499011345,,,,
CHFUSD,0.9756,8193,1499089956,,,UA_4,
CHFGBP,0.8453,8836,1499072614,TR_3,BUY,,CR_1
ZARUSD,0.0831,8917,1499148413,,SELL,,
CHFZAR,14.5843,2645,1499009850,,BUY,,CR_3
AUDGBP,0.5602,6132,1499128373,TR_1,SELL,,CR_2
JPYUSD,0.0097,6575,1498994650,,,,
NZDAUD,0.9068,8499,1498998373,,,,
NZDAUD,0.9699,543,1498937163,,SELL,,CR_3
NZDCAD,0.8996,9627,1498925635,TR_1,,,CR_3
ZARCAD,0.0961,9002,1498994805,,BUY,,CR_1
GBPNZD,1.7919,3704,1499121885,,SELL,,
AUDNZD,0.9873,5196,1499184234,,,UA_9,
USDCHF,0.9761,4859,1498906594,TR_3,,UA_8,
NZDZAR,8.9165,1886,1498917261,,BUY,,
CADNZD,1.0826,6476,1499138961,TR_2,,UA_5,CR_1
GBPUSD,1.3563,5896,1499155324,,BUY,UA_2,CR_2
CHFJPY,105.1451,6655,1499000795,,,,CR_2
NZDJPY,90.1313,7249,1499213273,,BUY,UA_7,
AUDGBP,0.631,5690,1499142438,,,,CR_2
JPYCAD,0.0104,9257,1498926340,,,,
ZARAUD,0.0873,3497,1498931351,TR_4,BUY,UA_3,
USDJPY,117.1167,4197,1498909358,TR_2,SELL,UA_2,
NZDUSD,0.7381,2616,1499208067,,BUY,UA_5,
CHFCAD,1.1699,6687,1498944426,,BUY,UA_5,CR_3
GBPNZD,1.669,5592,1498969362,TR_1,BUY,,
CHFZAR,13.601,3122,1498913313,,BUY,UA_9,CR_1
AUDUSD,0.7503,886,1499090124,TR_3,,UA_8,CR_2
GBPCAD,1.4751,6753,1498901190,TR_4,,UA_3,CR_1
NZDEUR,0.6193,5707,1498901112,TR_2,,UA_1,
EURJPY,128.5008,5576,1499058650,,BUY,,CR_2
NZDUSD,0.8228,6809,1498928456,TR_2,BUY,UA_3,CR_3
NZDCHF,0.702,5176,1499149131,,,,
GBPJPY,141.0595,1813,1499190348,,BUY,UA_7,CR_1
USDNZD,1.4516,2971,1499102996,TR_2,BUY,UA_10,CR_1
NZDAUD,0.9024,2575,1498926943,TR_5,,UA_3,CR_3
AUDCAD,1.0262,3274,1498970098,,SELL,,
CADNZD,1.1654,3267,1499150615,TR_2,BUY,UA_10,
CADCHF,0.7813,2433,1499067582,,,UA_1,
GBPUSD,1.3582,2839,1498910923,TR_1,BUY,,
EURZAR,14.0829,4938,1499212393,,,,
USDCHF,0.9076,3597,1499197279,TR_2,,,
CADEUR,0.7018,8313,1498973829,,BUY,UA_6,CR_3
JPYAUD,0.012,3708,1499178531,,,,
GBPCHF,1.2263,5594,1499154903,TR_4,,UA_4,
EURGBP,0.8746,8328,1499038882,,,,CR_3
NZDGBP,0.5548,8764,1498933104,TR_1,SELL,,
CHFZAR,13.7164,6953,1499165495,TR_5,,,CR_1
JPYZAR,0.1076,8414,1499104843,TR_1,,,
AUDCHF,0.7936,8463,1498942766,TR_2,BUY,,CR_1
NZDAUD,0.9844,7534,1499142076,TR_1,SELL,,
CADCHF,0.7506,7947,1499023453,,BUY,UA_8,
CADCHF,0.8528,9125,1499072839,,,UA_1,
ZAREUR,0.0654,1233,1499130044,TR_3,,UA_7,
CHFNZD,1.5033,9317,1499082694,TR_1,SELL,UA_5,
EURCAD,1.5728,4376,1499043085,,,UA_9,CR_1
CADEUR,0.6576,2774,1499186220,TR_5,BUY,,
EURZAR,15.7692,2075,1498937073,TR_1,,UA_2,CR_3
CHFJPY,105.1779,4188,1498966267,TR_1,BUY,,CR_3
NZDZAR,10.0457,3750,1499062190,TR_4,,,CR_3
EURGBP,0.8626,2887,1499198066,TR_3,SELL,UA_6,CR_1
EURCHF,1.1093,4485,1499088136,TR_3,,UA_8,
NZDZAR,10.2656,9955,1499087732,TR_1,SELL,UA_2,
CADEUR,0.6238,9342,1499211884,TR_3,BUY,,CR_1
EURUSD,1.2911,6677,1498973078,,,,
ZARGBP,0.0588,6310,1498937682,TR_3,BUY,,CR_1
NZDZAR,9.5154,6711,1498969725,TR_5,SELL,,CR_1
CADNZD,1.0089,2657,1499135858,,SELL,UA_1,CR_2
ZARGBP,0.0569,5247,1499122504,,BUY,UA_3,
USDJPY,102.9047,3083,1499178755,,,UA_1,CR_1
CHFNZD,1.2797,7860,1499170860,TR_2,,UA_5,CR_1
USDCAD,1.2424,9486,1499067363,,BUY,UA_7,CR_1
USDEUR,0.857,4174,1499017514,,,,
AUDZAR,9.6439,9665,1499027552,TR_2,SELL,,
CADUSD,0.7568,4985,1499029277,TR_4,,UA_10,CR_1
CHFUSD,0.9544,1841,1498982557,,SELL,,
GBPJPY,145.0614,5221,1499066268,TR_1,,UA_6,
AUDJPY,87.443,946,1499055563,TR_5,,,
GBPZAR,18.0677,744,1499210008,TR_2,,UA_2,CR_2
EURNZD,1.6886,2765,1499021532,TR_5,,UA_4,
ZARNZD,0.095,7500,1499114002,TR_4,BUY,UA_4,CR_1
AUDGBP,0.6454,8630,1498904446,,,,CR_2
ZARNZD,0.1103,639,1499166764,,BUY,UA_10,CR_3
CHFGBP,0.8357,7191,1499056349,TR_3,SELL,,CR_1
CADGBP,0.649,3377,1498973535,TR_2,BUY,,CR_1
USDCAD,1.3342,3166,1499207378,TR_2,,UA_1,
NZDGBP,0.584,7368,1499077915,,BUY,,CR_2
GBPCHF,1.3306,4905,1498987366,,SELL,UA_2,
EURJPY,118.8857,85,1499064724,,,UA_10,CR_3
NZDAUD,1.0302,6537,1499004048,,BUY,,
JPYGBP,0.0075,7691,1499130313,,SELL,UA_4,
JPYNZD,0.013,9224,1498903098,TR_3,SELL,,CR_3
CADJPY,95.1749,3808,1499066624,TR_1,BUY,,
NZDJPY,88.1804,6061,1498965081,TR_4,,UA_3,
EURCAD,1.3706,5058,1498946718,,,,
AUDZAR,11.2233,7555,1498933717,,,UA_9,
CHFNZD,1.4977,9525,1499048301,TR_2,SELL,UA_8,
AUDZAR,11.0252,8353,1499068229,,BUY,UA_2,
CHFZAR,13.6844,2339,1499013260,TR_5,,UA_5,CR_1
JPYAUD,0.0103,882,1498971062,,,,CR_2
CADJPY,91.5884,4533,1499051012,TR_1,BUY,UA_7,
JPYCAD,0.0115,9416,1499034273,TR_2,BUY,,CR_1
EURZAR,15.7477,4143,1498895295,TR_4,BUY,UA_1,
JPYNZD,0.0123,4928,1499116236,,,UA_10,CR_1
GBPEUR,1.1865,8288,1498937736,,SELL,,
AUDEUR,0.6755,5636,1499178392,TR_4,BUY,UA_5,CR_2
NZDJPY,88.0562,9466,1498970126,,SELL,,
AUDCAD,0.9098,542,1499070548,,BUY,UA_2,
JPYCHF,0.0094,1660,1499144941,TR_4,BUY,UA_4,
ZARUSD,0.0706,811,1499074985,TR_2,SELL,UA_10,
NZDJPY,83.3109,8612,1498914644,TR_3,,UA_1,CR_3
AUDCAD,1.0178,2388,1498913111,TR_1,SELL,,
GBPEUR,1.0936,8621,1499048273,,,,CR_1
GBPEUR,1.1489,7425,1498992093,,,UA_1,CR_3
JPYNZD,0.0119,5354,1499027231,TR_4,,UA_9,
CHFZAR,14.673,5925,1499146134,,,UA_4,
JPYCHF,0.0092,63,1499143282,TR_5,BUY,,CR_3
USDEUR,0.8599,4323,1498962345,,,,CR_1
ZARAUD,0.1012,4005,1498995420,TR_3,SELL,,CR_1
AUDGBP,0.6607,9725,1499106693,TR_5,,,
NZDCHF,0.7372,195,1499067598,,,,CR_2
USDNZD,1.3454,4625,1499185424,,,,
CHFNZD,1.28,391,1499115659,,,,CR_1
GBPJPY,139.0082,2339,1499209540,TR_3,,,CR_3
CHFJPY,118.3599,2476,1499183137,TR_2,BUY,UA_7,
CHFGBP,0.7975,9335,1499118999,,SELL,,CR_2
CHFCAD,1.3569,3353,1499056687,TR_2,SELL,UA_2,CR_2
ZARCHF,0.07,4740,1498997741,,,,CR_1
CADUSD,0.8423,9176,1499214618,,SELL,,CR_3
USDCHF,1.0616,2369,1499012851,TR_1,,UA_4,CR_1
CHFJPY,106.9742,1558,1498894445,,,UA_3,CR_1
JPYGBP,0.0064,6973,1499187781,TR_3,BUY,,CR_1
CADEUR,0.6573,3195,1498987048,,,,
CHFGBP,0.8062,7441,1498994015,TR_3,,,CR_2
GBPAUD,1.6012,3247,1499102321,TR_2,SELL,UA_1,
JPYCHF,0.0091,3147,1499023539,TR_2,,UA_6,
JPYUSD,0.0082,8189,1499145672,,,UA_7,
EURZAR,14.2055,4539,1499202057,TR_2,SELL,,
ZAREUR,0.066,4390,1499095675,TR_1,BUY,UA_9,CR_1
AUDZAR,10.259,5980,1499181182,TR_2,,,CR_3
AUDJPY,88.5956,9128,1499028930,,,UA_7,CR_1
ZAREUR,0.0673,5907,1498926979,TR_2,,UA_3,CR_3
ZARNZD,0.1091,7105,1498927320,TR_2,,,CR_2
JPYCHF,0.0082,4971,1498952464,,SELL,,
CHFCAD,1.2237,6296,1499211411,TR_5,SELL,,
USDEUR,0.7769,1242,1499077412,,,UA_9,
CADJPY,97.2796,2068,1499190784,TR_5,SELL,UA_5,CR_2
CHFJPY,122.3271,5375,1498939393,,SELL,UA_10,
AUDCHF,0.7244,7691,1499003812,TR_2,BUY,,CR_2
NZDAUD,0.8869,2044,1498944566,TR_2,,,CR_1
CHFAUD,1.2173,7918,1499147584,,BUY,UA_3,CR_1
CHFAUD,1.2495,6840,1499173248,,BUY,,
ZARJPY,7.7249,6241,1498925273,TR_5,,UA_2,CR_2
JPYAUD,0.0112,1762,1499198915,TR_5,BUY,UA_10,CR_3
JPYUSD,0.0082,3302,1498990387,,BUY,UA_5,CR_2
AUDUSD,0.7385,3107,1498981267,,,UA_10,
GBPUSD,1.3421,2196,1499107118,,,UA_6,
ZARCAD,0.1042,5927,1499105501,TR_2,,UA_2,CR_2
CADJPY,86.1872,4512,1498960678,,,,CR_3
USDEUR,0.7909,956,1499196830,TR_5,BUY,UA_2,
GBPNZD,1.7779,5742,1499191697,TR_1,SELL,UA_10,
AUDUSD,0.8684,9696,1499173813,TR_5,BUY,UA_10,
GBPJPY,153.9952,3689,1499116834,,SELL,,
EURGBP,0.9249,2625,1498972063,,BUY,,CR_2
EURNZD,1.6564,6440,1499133932,,SELL,UA_2,
CADCHF,0.7923,1946,1499165941,,,UA_9,
CADJPY,87.3589,5154,1498914511,TR_5,,UA_1,CR_3
USDJPY,117.4491,2826,1499003829,,SELL,UA_1,CR_1
AUDEUR,0.7118,9936,1498984870,TR_4,SELL,,CR_1
AUDJPY,80.6282,6991,1498997161,,BUY,UA_3,CR_3
ZARGBP,0.0543,4120,1499050959,,,,
JPYEUR,0.0072,8737,1499043282,,,,CR_1
JPYUSD,0.0094,2769,1499021164,,,UA_8,
EURUSD,1.0949,6059,1498923599,,BUY,,CR_2
USDGBP,0.7699,6997,1499183466,,SELL,,CR_1
USDAUD,1.2584,6830,1499091837,TR_1,SELL,UA_3,
NZDZAR,10.3466,4724,1498973458,,,,CR_2
EURJPY,135.9575,3277,1499011708,,BUY,,
GBPCHF,1.1564,4267,1499130978,TR_5,,UA_5,
AUDZAR,10.7389,7337,1499121587,,BUY,,CR_3
EURAUD,1.3657,4480,1499112978,TR_2,,UA_3,CR_2
ZARAUD,0.104,3883,1499135495,,,UA_2,
JPYNZD,0.013,1071,1499088138,,BUY,,CR_1
AUDCAD,1.0332,1562,1499009378,,SELL,,
NZDCAD,0.8416,2311,1499102886,,,,
EURJPY,140.0965,7592,1499188638,TR_4,,,
EURZAR,14.5012,6711,1499091016,TR_3,,UA_3,
GBPNZD,1.5866,2997,1499131303,TR_3,BUY,,
JPYGBP,0.0074,5612,1499084369,TR_5,BUY,UA_5,CR_1
CHFAUD,1.3203,9701,1498933832,,SELL,UA_7,
CHFUSD,1.118,6720,1498982631,,BUY,,
GBPAUD,1.6234,8418,1499161258,,,UA_2,CR_2
ZARGBP,0.0563,4854,1499104521,,BUY,UA_2,CR_2
AUDCAD,1.0128,6473,1499056694,TR_5,,UA_1,
ZARAUD,0.0889,9243,1499094062,TR_2,SELL,UA_3,
ZARAUD,0.0931,7790,1498996914,TR_3,,UA_9,CR_3
CADAUD,1.0427,9516,1499157595,TR_5,,UA_4,
AUDJPY,80.3391,3962,1499039226,,SELL,UA_3,CR_1
ZARJPY,9.3376,6777,1498968419,,,UA_9,
ZAREUR,0.0643,3522,1499086212,,,,
CHFCAD,1.2298,4349,1499080114,TR_1,,UA_8,
EURCHF,1.0536,5083,1499107289,,,,
AUDJPY,92.5197,9263,1498986250,,,,CR_2
USDCHF,0.8968,9765,1499180350,,SELL,UA_8,CR_3
GBPEUR,1.2297,9173,1499067326,,BUY,,
GBPZAR,18.6432,9204,1498997857,,,UA_9,CR_1
AUDCAD,0.9817,3055,1498917410,,SELL,UA_2,
ZARGBP,0.0562,6533,1499158324,,,UA_5,CR_1
JPYCHF,0.0092,665,1498923944,,,,CR_3
CHFAUD,1.2546,1951,1499076096,TR_2,,,
JPYNZD,0.0117,3848,1499090031,,SELL,,
JPYCHF,0.009,9391,1498925077,,SELL,UA_9,
JPYAUD,0.0107,9830,1498932692,TR_4,SELL,UA_9,CR_2
CADCHF,0.85,9331,1499146143,,BUY,,
NZDGBP,0.6058,7132,1499027541,TR_3,,UA_1,CR_2
NZDGBP,0.6152,6925,1499181997,TR_5,SELL,UA_10,CR_2
AUDJPY,88.0168,2040,1499005271,,SELL,,
CADAUD,1.0068,9532,1499086787,,,,
EURAUD,1.5139,410,1498954952,,,,
JPYAUD,0.0123,2733,1498928047,TR_1,SELL,,CR_3
GBPNZD,1.6097,6804,1499057667,TR_2,SELL,,CR_2
AUDEUR,0.6178,8513,1498911714,,,,CR_3
GBPZAR,16.8406,3473,1498959392,TR_5,,UA_2,CR_1
ZARAUD,0.0961,5114,1499191360,TR_2,,UA_10,CR_2
ZARJPY,9.004,2291,1499026642,,,,CR_1
CADEUR,0.7436,4932,1499095262,TR_5,,UA_7,
AUDGBP,0.6038,5253,1499030374,TR_4,,UA_7,
CHFCAD,1.2081,8253,1498929472,TR_3,,UA_3,CR_3
EURUSD,1.1499,7347,1498957006,TR_1,SELL,UA_8,
CHFCAD,1.2431,5398,1498978413,,BUY,UA_10,
CHFZAR,14.265,6881,1499182239,,BUY,,
CADNZD,1.0924,7139,1499204396,,BUY,UA_10,
NZDEUR,0.6195,5324,1498915292,TR_5,BUY,,CR_1
ZAREUR,0.0644,5847,1499051891,,BUY,,
NZDCAD,0.8415,1449,1498964329,,,UA_7,
NZDUSD,0.7529,5915,1499007419,,BUY,UA_10,CR_2
USDGBP,0.69,4218,1499128678,TR_5,BUY,,CR_3
ZARUSD,0.0823,1410,1498937686,TR_1,SELL,,CR_3
ZARNZD,0.1122,2720,1499034887,,,,CR_1
USDCHF,0.9603,9991,1499203965,TR_1,SELL,UA_7,
USDGBP,0.6889,522,1499125887,TR_5,,,
GBPCAD,1.6838,5615,1498944184,,BUY,,
CHFZAR,14.0473,7686,1499000134,,,UA_1,
EURAUD,1.398,1503,1498970055,,,,
ZARJPY,9.1602,5247,1499163069,TR_4,SELL,,CR_1
CHFUSD,1.0864,7789,1499152446,TR_1,,,
AUDGBP,0.5767,6018,1498925180,TR_4,,UA_6,
AUDNZD,1.091,7992,1498962287,TR_4,,UA_1,CR_1
USDAUD,1.3096,3291,1498931891,,SELL,,
JPYGBP,0.0074,9157,1498915788,TR_4,SELL,,CR_2
ZARUSD,0.0707,1806,1499158034,,SELL,UA_8,CR_1
CADAUD,0.9218,6449,1499136966,,SELL,,
GBPZAR,17.4559,1593,1499138960,TR_1,,UA_10,CR_1
GBPEUR,1.0684,4312,1499142979,,BUY,UA_8,
GBPUSD,1.228,9123,1499034261,TR_4,,,
USDAUD,1.2869,7675,1499068240,,,,
JPYCHF,0.0096,5201,1499137828,TR_4,BUY,,CR_2
CADJPY,97.067,1322,1499124913,TR_2,BUY,UA_5,
CHFGBP,0.8066,665,1499049474,,SELL,UA_8,CR_1
JPYUSD,0.0099,8364,1499202039,TR_3,BUY,UA_5,CR_2
NZDJPY,76.6999,3598,1499007513,TR_4,,,CR_1
CADGBP,0.5617,3615,1499135656,,,UA_8,
AUDJPY,89.9223,2950,1498964568,TR_5,SELL,UA_9,
ZARCAD,0.1042,7093,1499002281,TR_1,,UA_3,
AUDUSD,0.7619,6531,1498942208,,,,
CHFAUD,1.3579,3065,1499163865,TR_3,,,
CADUSD,0.8843,7899,1498991721,,SELL,,
NZDEUR,0.6199,7793,1499051820,TR_3,SELL,UA_6,CR_3
JPYCHF,0.0081,465,1498914731,,,,CR_3
CHFNZD,1.2729,6864,1499091327,,,,CR_3
USDCHF,0.9969,7362,1499131459,,,,CR_3
NZDGBP,0.5208,3502,1498952094,TR_2,,UA_7,
GBPJPY,152.8556,9858,1499081842,,,,
GBPCHF,1.2203,2790,1499077128,TR_4,SELL,,
AUDCAD,0.9121,1371,1499158158,TR_4,BUY,UA_8,CR_1
EURGBP,0.8429,1431,1498896118,TR_2,,UA_7,
AUDNZD,1.1003,6105,1499037785,TR_2,,UA_7,
AUDCHF,0.8348,1966,1499132731,TR_3,SELL,UA_6,CR_2
EURNZD,1.6895,3056,1498969208,TR_3,,UA_4,CR_2
USDEUR,0.9279,6514,1499153752,TR_2,SELL,UA_6,
USDAUD,1.3419,8477,1498931472,TR_2,SELL,,
ZARUSD,0.0698,8572,1499212924,,,UA_4,
AUDUSD,0.8078,5597,1499049376,,,UA_1,
ZARAUD,0.0948,4951,1499185875,,,UA_5,CR_3
ZAREUR,0.0676,9084,1498941136,TR_4,BUY,,CR_2
CADJPY,84.9268,7475,1499149848,,BUY,,
CADCHF,0.7697,5525,1499020041,TR_4,,UA_9,CR_1
CHFAUD,1.4034,6157,1498999052,TR_2,,,CR_1
JPYNZD,0.0125,9726,1499126681,,,UA_3,
AUDEUR,0.655,5634,1498901094,TR_5,BUY,,
EURGBP,0.9114,2336,1498914844,TR_5,BUY,,CR_3
ZARCHF,0.0726,6890,1498979733,TR_4,,UA_8,CR_2
EURCAD,1.3542,8119,1499039885,TR_3,,,
USDZAR,12.1061,210,1498959657,TR_4,,,CR_2
AUDJPY,90.5832,6772,1499122212,,,UA_2,CR_2
CADJPY,86.311,6086,1499176181,,,UA_8,
EURCAD,1.339,5930,1499028440,,SELL,UA_5,CR_2
USDGBP,0.8135,8088,1499131167,,SELL,,CR_1
EURNZD,1.4186,7773,1498896473,TR_5,,UA_10,CR_1
JPYCHF,0.0089,700,1499172974,,BUY,UA_6,CR_1
CHFGBP,0.8086,573,1499076316,TR_5,SELL,,CR_3
EURCHF,1.2304,2838,1499025315,TR_5,SELL,UA_9,
NZDAUD,0.8637,7213,1499122694,TR_2,BUY,,
JPYZAR,0.1153,195,1499130391,,BUY,,CR_1
CHFZAR,12.6078,1710,1499208295,,SELL,,
ZARGBP,0.0554,954,1499186244,,SELL,,
CHFEUR,0.9506,2372,1499016587,,BUY,,CR_3
CHFZAR,13.4582,7583,1499124069,,BUY,UA_10,CR_3
NZDCAD,1.0193,2774,1499186518,,,,CR_3
JPYZAR,0.1236,8943,1499023357,TR_1,,,CR_3
EURAUD,1.5308,8364,1499087542,TR_3,,UA_5,CR_1
JPYCHF,0.0093,2560,1499185965,TR_2,,,
USDJPY,105.571,8849,1499151426,,,UA_1,
CADCHF,0.7454,8522,1499013331,TR_5,BUY,UA_9,
GBPCHF,1.3033,7957,1498912643,,BUY,UA_10,CR_1
EURZAR,16.6499,2659,1498898233,TR_3,BUY,UA_1,
NZDZAR,10.6715,593,1498979335,TR_4,,UA_7,CR_3
AUDJPY,84.2827,678,1499125502,,BUY,,CR_1
AUDJPY,88.4721,1487,1498951385,TR_5,,UA_3,
GBPJPY,134.5898,7113,1499054010,TR_5,BUY,UA_6,CR_2
CADJPY,89.744,1016,1499099697,,,UA_1,CR_1
EURZAR,16.2616,3615,1499123025,TR_1,SELL,,
JPYZAR,0.1083,2877,1499000758,,SELL,UA_9,
GBPCHF,1.3427,7380,1499069207,TR_2,,,CR_3
USDGBP,0.7375,9145,1499006715,TR_5,,UA_1,CR_1
EURJPY,132.587,6856,1498961881,,SELL,UA_2,
ZARUSD,0.0813,5638,1499205795,TR_5,,,
CHFNZD,1.4005,8333,1498950342,TR_1,BUY,UA_5,CR_2
CHFAUD,1.3912,3335,1499035348,,,,CR_1
CADZAR,10.5515,8782,1499091678,TR_4,,UA_8,CR_2
CADGBP,0.6396,6027,1499016366,,SELL,UA_1,CR_3
NZDJPY,77.2307,4014,1499005379,,,UA_5,
AUDCHF,0.777,3955,1499106238,,BUY,UA_4,
CADUSD,0.8518,2000,1499163368,TR_1,,,
CHFEUR,0.8509,2662,1498960223,,,UA_6,CR_3
JPYZAR,0.108,1534,1499013546,,,UA_8,CR_1
NZDAUD,0.991,8861,1499020694,,,,
USDAUD,1.1641,7286,1498964376,TR_3,,,CR_2
ZARNZD,0.1056,4604,1498907808,TR_1,,UA_4,
GBPCAD,1.7714,2002,1499049496,TR_5,,,
CHFZAR,13.63,4591,1498991657,,SELL,UA_1,
EURJPY,133.9627,8194,1498927578,,,UA_8,CR_2
GBPEUR,1.2132,6134,1498982154,,,,CR_1
JPYZAR,0.1113,5513,1499058014,,BUY,UA_4,
AUDNZD,1.1399,1853,1499000359,TR_2,BUY,UA_1,CR_3
GBPAUD,1.5069,6273,1499123203,,,,CR_1
AUDCHF,0.8434,9545,1499005118,,,UA_7,CR_1
EURNZD,1.5998,3390,1499061087,,BUY,,CR_2
EURJPY,122.5393,5550,1499196207,TR_2,BUY,UA_8,CR_2
JPYEUR,0.008,4851,1499164462,TR_4,SELL,,
CADUSD,0.7572,6868,1499081070,TR_3,BUY,,CR_1
EURUSD,1.2513,7742,1498900254,TR_2,,UA_2,
JPYNZD,0.011,161,1499081734,,SELL,,
ZARJPY,9.219,5284,1499027075,TR_3,BUY,,CR_3
ZARAUD,0.091,3292,1499057123,,,,
USDAUD,1.3699,7317,1499100386,,SELL,UA_9,
CHFNZD,1.4589,7445,1498921190,,BUY,UA_7,
CHFUSD,1.0102,2519,1499158097,TR_1,BUY,,CR_3
AUDZAR,10.1934,7107,1499192087,,SELL,UA_1,
CADUSD,0.7333,6273,1498971221,TR_1,,UA_5,
USDNZD,1.3557,4208,1499052029,,BUY,UA_10,CR_2
CHFJPY,116.8255,911,1498902809,TR_5,,UA_9,
USDEUR,0.7736,5549,1499203369,,,,
AUDEUR,0.6433,8324,1498959510,TR_5,,,CR_1
GBPUSD,1.3956,1799,1498915494,,SELL,,
USDCAD,1.1424,2471,1499198118,TR_1,BUY,UA_1,CR_1
JPYEUR,0.008,9547,1499048687,TR_2,SELL,,
EURNZD,1.678,6365,1498983922,TR_1,,,CR_2
EURNZD,1.5674,8876,1498928639,TR_2,SELL,,CR_1
JPYCAD,0.0107,4081,1499131897,,SELL,,
USDZAR,14.3026,94,1498964415,TR_2,,,
USDJPY,105.6017,7224,1498922932,TR_4,,,
ZARNZD,0.1044,3379,1498934737,TR_4,BUY,,CR_1
CHFAUD,1.3791,4119,1498931655,,SELL,,CR_1
AUDGBP,0.5636,6177,1499150309,,,UA_8,
JPYAUD,0.0105,4116,1498988404,,,,
AUDUSD,0.8707,8344,1498980880,,,UA_6,
AUDEUR,0.6963,662,1498993696,TR_2,,,
EURAUD,1.5754,379,1499083941,,BUY,UA_6,CR_3
EURGBP,0.8834,7396,1499100613,,SELL,,
GBPCHF,1.2069,74,1499177410,TR_5,,,
AUDEUR,0.6289,2614,1499107770,TR_1,,,
ZARAUD,0.0935,4437,1498913953,TR_3,,UA_10,
EURAUD,1.4857,704,1498990475,,BUY,UA_4,
CADEUR,0.7531,2193,1498940586,,BUY,,
JPYCAD,0.012,7584,1498954972,,,UA_9,
GBPCHF,1.3873,7738,1499044222,,BUY,,
CHFEUR,0.9095,5402,1499148300,TR_3,,UA_7,CR_2
JPYCHF,0.009,5432,1499105395,TR_4,,,CR_3
EURNZD,1.5268,9739,1499178393,TR_2,SELL,UA_3,
NZDUSD,0.6789,268,1499145588,,SELL,UA_8,
GBPCHF,1.1487,4258,1499077532,TR_3,SELL,,
GBPCHF,1.2059,3187,1498919464,TR_3,SELL,UA_4,CR_2
NZDZAR,9.7101,2176,1498953657,TR_2,,UA_5,
CADGBP,0.6396,9746,1498928003,,SELL,,CR_2
EURCAD,1.3753,9447,1499031114,,,UA_1,
CADJPY,86.3148,4877,1499119446,TR_4,,UA_5,
JPYCHF,0.0086,9142,1499146846,,SELL,,CR_3
EURNZD,1.4989,3208,1499103595,TR_1,,UA_7,
ZARUSD,0.0808,9975,1499055300,TR_4,BUY,,CR_1
NZDAUD,0.9556,6684,1498981905,,,UA_2,
EURNZD,1.5795,286,1498932952,TR_4,SELL,,CR_1
JPYAUD,0.0105,9957,1499137324,,BUY,,
USDGBP,0.7795,7794,1499130929,TR_2,,,
AUDUSD,0.7618,9310,1499128432,TR_4,,,CR_3
CADEUR,0.6558,9676,1499168078,TR_3,SELL,,
JPYAUD,0.0111,4099,1499194718,,SELL,,CR_1
AUDUSD,0.8696,5138,1499090120,,,,
JPYUSD,0.0088,3169,1499135446,,BUY,,CR_3
AUDZAR,9.5412,9200,1499022379,,SELL,,
JPYUSD,0.0087,2520,1499161879,TR_4,,,CR_1
GBPEUR,1.0667,2844,1498916762,TR_1,SELL,UA_10,CR_3
ZARCAD,0.0904,7340,1498941401,TR_1,BUY,,
EURCHF,1.1004,1704,1499053858,TR_5,,UA_10,CR_2
CHFJPY,105.6782,3497,1499189396,,,,
NZDCHF,0.7312,9233,1499180087,TR_2,,,
CHFJPY,122.7843,8570,1499093934,TR_5,SELL,UA_10,CR_1
CADEUR,0.6503,7236,1498923329,,SELL,,CR_2
JPYUSD,0.0093,4063,1499126660,,BUY,,
JPYEUR,0.0074,5167,1499159353,,,,
USDEUR,0.8031,9208,1498932365,,,UA_2,CR_2
ZARUSD,0.0746,2390,1499096321,TR_2,SELL,,CR_1
JPYZAR,0.1281,5007,1499019447,,BUY,UA_3,
USDCAD,1.2872,1986,1499142962,TR_1,BUY,,CR_2
CADJPY,86.4833,5052,1499052426,,,,CR_2
GBPZAR,17.9613,2769,1499112695,,,,
NZDAUD,0.8803,1975,1498951197,TR_4,,UA_2,
CHFAUD,1.273,4222,1499046486,,,,CR_2
JPYUSD,0.0098,8148,1498902324,,SELL,UA_6,
CHFUSD,0.9928,8761,1498931961,TR_4,,UA_10,CR_2
ZAREUR,0.0668,1053,1499174118,TR_3,,,CR_3
EURCAD,1.4889,7693,1499140877,TR_3,SELL,UA_2,CR_1
CADUSD,0.8379,9759,1498964882,,,,CR_2
GBPNZD,1.7108,6352,1499148534,,SELL,,
EURJPY,128.7467,4683,1498978077,TR_4,BUY,UA_5,
CHFCAD,1.3662,7632,1499018082,TR_2,BUY,,CR_3
NZDJPY,80.7577,7542,1498981884,TR_5,SELL,,
ZARGBP,0.0555,1443,1499180650,,,,
EURZAR,16.4789,4925,1498948927,TR_1,,,
JPYAUD,0.0111,6883,1499143296,TR_3,,UA_3,CR_2
ZARCAD,0.0912,3068,1498926511,,BUY,UA_9,CR_1
JPYZAR,0.1262,5072,1498921369,TR_3,,UA_1,
CHFCAD,1.3983,27,1499136561,,,UA_2,CR_3
GBPCHF,1.3967,7741,1499050401,,,,CR_2
GBPCAD,1.5942,2717,1498954305,,,,
NZDGBP,0.5927,3956,1499146649,TR_4,BUY,,CR_2
ZARJPY,8.6699,2532,1498943828,,,UA_1,
NZDJPY,76.9786,1874,1499019800,,BUY,UA_3,
USDEUR,0.8086,735,1499038444,TR_3,,UA_5,
ZARJPY,8.9441,1656,1499101528,,BUY,UA_1,
JPYNZD,0.0127,8752,1499186645,,,UA_5,
ZARGBP,0.0559,9435,1499141072,,SELL,,
CHFZAR,13.8003,3667,1499111296,,BUY,UA_9,
EURZAR,14.1721,2370,1499081852,TR_2,,UA_8,CR_1
JPYUSD,0.0094,4858,1498928533,TR_2,,,CR_3
GBPNZD,1.892,8732,1499087300,TR_3,SELL,UA_8,CR_3
EURUSD,1.2146,1727,1499040580,,SELL,UA_9,
JPYCHF,0.0087,1571,1499177846,,,,CR_1
CHFZAR,14.573,3712,1498942244,TR_1,SELL,,CR_2
USDEUR,0.9121,2310,1499058157,,SELL,,CR_3
EURCAD,1.5751,9502,1499001759,,BUY,,CR_2
JPYNZD,0.0109,9414,1498919935,,SELL,UA_5,
USDZAR,14.0662,5342,1499098692,TR_2,,UA_10,
JPYGBP,0.0073,2871,1498956982,TR_3,SELL,,CR_3
USDCHF,0.9279,225,1498906432,,BUY,,
GBPNZD,1.6518,7812,1498963187,TR_2,,UA_1,
CHFAUD,1.4083,3207,1499159811,TR_2,,UA_2,CR_2
JPYEUR,0.0077,5913,1499018918,TR_3,SELL,,
GBPNZD,1.8543,7206,1499166814,TR_4,BUY,UA_1,CR_2
CHFEUR,0.9231,3403,1499102882,TR_4,,UA_8,
JPYAUD,0.0109,1783,1499006759,TR_4,,UA_3,
USDEUR,0.8231,6694,1499151170,,,,
CHFJPY,110.9445,8088,1499164495,TR_5,,,
GBPAUD,1.7378,995,1499084493,,,UA_5,
CADGBP,0.5669,578,1499111701,TR_2,BUY,UA_10,CR_1
NZDAUD,0.9714,4286,1499090359,TR_3,,,
USDJPY,112.1861,9710,1498904376,TR_1,BUY,,CR_1
CHFGBP,0.8081,9534,1499109811,,BUY,UA_3,CR_3
CHFAUD,1.3298,2715,1499130732,TR_2,,,
NZDCHF,0.6885,5518,1499126559,TR_3,SELL,UA_3,CR_3
GBPEUR,1.0319,2737,1499187488,,,,
EURUSD,1.2673,6937,1499118688,,,,
ZARCAD,0.0871,6127,1499199173,,SELL,,
USDNZD,1.3966,4957,1499154823,TR_5,,,CR_1
NZDCHF,0.71,2494,1499175935,,,UA_7,
CADEUR,0.7274,2089,1499028322,TR_3,,UA_8,CR_2
CADNZD,1.1634,9609,1499214173,,SELL,,
GBPAUD,1.6445,9161,1498950395,TR_5,,UA_6,
JPYAUD,0.012,235,1499032252,TR_2,SELL,UA_3,CR_3
USDCAD,1.2984,3583,1499068190,TR_1,,UA_6,
JPYEUR,0.0074,972,1499131910,,SELL,,
NZDUSD,0.7768,8960,1499094776,,,,CR_3
NZDGBP,0.6045,6533,1499138528,,,,
CADCHF,0.7814,5083,1498972183,TR_2,,UA_8,
EURGBP,0.8539,3759,1499119314,TR_1,,UA_9,CR_2
AUDZAR,10.508,3096,1499214758,,,UA_3,
JPYCAD,0.0107,4523,1499079503,TR_5,SELL,,CR_2
CADEUR,0.7414,239,1499008662,TR_5,BUY,,
GBPJPY,138.8557,4474,1498968607,TR_3,BUY,,
CADUSD,0.8216,8102,1498988468,,BUY,UA_3,CR_2
EURGBP,0.9202,418,1499054906,TR_1,SELL,,CR_2
GBPCAD,1.7143,4211,1498991505,TR_2,BUY,,CR_2
NZDJPY,81.5778,2479,1499207619,TR_2,,,CR_3
EURCHF,1.124,2913,1499084245,TR_5,BUY,UA_1,
NZDEUR,0.619,9652,1499112797,TR_4,BUY,,CR_3
NZDCHF,0.7869,2557,1498976901,TR_5,,,CR_3
GBPCAD,1.526,5751,1499151646,TR_4,,,CR_3
NZDJPY,81.635,7318,1499092760,,SELL,UA_9,CR_2
CADAUD,1.0279,5428,1499168733,TR_2,,UA_3,
GBPAUD,1.7457,1232,1499178157,TR_5,,UA_6,CR_3
AUDCHF,0.7739,5196,1499086390,,,UA_6,
CADNZD,0.9713,1454,1499088545,TR_3,SELL,UA_3,CR_1
USDAUD,1.3064,3512,1499075145,,,,
USDCAD,1.2864,793,1499143078,,SELL,UA_5,CR_3
JPYAUD,0.0113,442,1498973181,TR_5,,,CR_2
JPYUSD,0.0083,1693,1499190180,,,UA_10,CR_2
CADCHF,0.8377,8531,1499102292,TR_4,BUY,,CR_2
AUDCAD,0.9038,2169,1499049164,TR_4,BUY,,CR_1
CHFGBP,0.852,7670,1499159615,,SELL,,
CHFAUD,1.2422,5003,1499084742,TR_5,BUY,UA_7,CR_1
ZARAUD,0.0899,7293,1498914793,,,,CR_1
USDEUR,0.918,3313,1499057666,TR_3,BUY,,
GBPZAR,17.1504,5748,1498938381,,SELL,UA_6,
GBPJPY,158.7045,2335,1498980261,,BUY,,CR_3
USDJPY,109.5441,660,1498979162,TR_1,BUY,,CR_2
AUDGBP,0.6533,8311,1499129493,TR_2,SELL,,
CADJPY,82.8054,5970,1498926407,TR_1,,UA_5,CR_1
JPYEUR,0.0072,2804,1498957747,,,UA_5,CR_2
EURNZD,1.6607,4795,1498973839,,BUY,UA_7,
NZDUSD,0.7744,2927,1499074408,TR_3,,,
JPYUSD,0.0097,6725,1499082631,TR_3,SELL,,
CHFGBP,0.7512,5977,1499200000,,,UA_2,
NZDZAR,10.7164,4873,1499083254,,,UA_3,CR_3
ZARAUD,0.0968,500,1499041111,TR_3,BUY,,
ZARNZD,0.1058,23,1499156856,,BUY,UA_1,CR_3
USDNZD,1.3899,5951,1499154833,TR_5,SELL,UA_8,CR_3
CHFEUR,0.8292,5282,1499054153,TR_5,BUY,,CR_2
ZARCAD,0.087,6712,1499092977,,,UA_5,CR_3
GBPCAD,1.5156,5951,1498936268,,BUY,,
CADAUD,1.0546,2319,1498947666,TR_4,,,CR_2
CHFEUR,0.8974,6754,1498922306,,,UA_10,
EURCAD,1.501,7392,1498986671,,BUY,,CR_3
GBPUSD,1.1912,8142,1498986349,,SELL,,CR_3
AUDGBP,0.5568,6195,1498947074,,,,CR_3
AUDEUR,0.6731,5963,1498932930,TR_4,,UA_9,
JPYUSD,0.0084,9279,1499165418,,BUY,,
GBPUSD,1.3082,8839,1498966178,,,UA_4,CR_3
GBPAUD,1.6227,4798,1499145688,,,,
AUDGBP,0.6526,959,1499156136,,,,CR_3
NZDJPY,89.0627,4249,1499036259,,,UA_9,
CADZAR,10.782,9615,1499116397,,SELL,,CR_3
CHFZAR,13.7515,1837,1499088080,,,,
USDCHF,0.9975,6677,1498958896,,,UA_5,CR_1
ZAREUR,0.0645,5732,1499131694,TR_1,,UA_10,CR_1
CADNZD,1.0042,6671,1499139697,,SELL,UA_5,CR_3
EURUSD,1.2384,5012,1499191083,,,UA_1,CR_1
JPYUSD,0.0088,6052,1499079726,,SELL,UA_1,
GBPZAR,17.3586,5795,1499105503,,,UA_3,
GBPJPY,142.2905,8873,1499073498,TR_1,SELL,,CR_2
JPYNZD,0.0123,3474,1498896472,TR_4,,UA_5,
AUDEUR,0.7,4232,1498979660,,BUY,,CR_2
JPYUSD,0.0085,1313,1499134520,TR_3,BUY,,
GBPCHF,1.1624,9287,1498948584,,,,CR_3
GBPUSD,1.1936,3335,1498970233,,,,CR_1
GBPEUR,1.2187,8084,1498992028,TR_2,SELL,UA_6,CR_3
AUDCAD,1.0132,3114,1499155934,TR_3,,,
GBPEUR,1.0703,9719,1498970309,,,UA_5,CR_1
USDZAR,13.8869,6638,1499082675,,BUY,,
CADNZD,1.0277,9178,1498900401,TR_1,,,CR_3
GBPZAR,17.1252,1139,1498937013,,,,CR_2
USDGBP,0.7948,900,1499133412,,BUY,UA_9,CR_1
AUDUSD,0.7892,6059,1499074456,TR_5,,UA_9,
EURUSD,1.1524,4978,1499042917,,SELL,,
ZARUSD,0.071,4975,1499146730,,BUY,,
AUDZAR,11.2194,127,1499120991,,,,
EURZAR,16.5366,1229,1499090898,,,UA_8,
GBPCAD,1.7818,464,1499124044,TR_1,,,CR_3
CADEUR,0.6208,6626,1499084688,TR_4,,,CR_2
NZDEUR,0.5811,6968,1499144696,TR_3,,UA_2,
NZDEUR,0.5786,6597,1499071202,TR_5,,,CR_3
GBPJPY,134.498,9960,1498897065,,SELL,,CR_1
JPYNZD,0.0129,2035,1498913949,TR_3,BUY,UA_6,
NZDUSD,0.7869,8127,1499118487,TR_4,,,
CHFUSD,1.0543,4619,1499000347,,,UA_5,
CADGBP,0.6632,779,1499090787,,SELL,UA_6,CR_1
EURUSD,1.2194,4514,1499176849,TR_3,BUY,,CR_2
JPYCAD,0.0103,4524,1498916590,,SELL,,
AUDCAD,1.0414,4556,1499009685,TR_1,,UA_9,
GBPCHF,1.2116,5570,1498996013,TR_1,BUY,UA_6,
CADUSD,0.8478,6852,1498993948,,BUY,,
JPYEUR,0.0072,1174,1499067772,TR_5,,UA_7,CR_2
NZDUSD,0.722,8689,1498959768,,SELL,UA_9,
AUDCAD,1.0873,2332,1499041713,TR_2,,UA_9,CR_3
NZDJPY,85.1875,6548,1499135112,TR_5,,,CR_2
ZAREUR,0.0612,3869,1498920668,TR_4,,,CR_2
CADCHF,0.7311,8128,1498965242,,SELL,,
EURJPY,122.0998,2657,1499138276,TR_2,,,
CADJPY,92.9433,6111,1499176928,TR_5,,,
EURGBP,0.9666,3629,1498906157,TR_3,SELL,,CR_3
NZDAUD,1.0203,2707,1499066156,TR_1,,,CR_2
GBPNZD,1.7852,4419,1499030076,,SELL,,
USDJPY,101.3311,6675,1498894832,TR_1,BUY,UA_6,
AUDNZD,1.0091,195,1499164138,,,UA_7,
EURJPY,142.6767,7254,1499115229,,SELL,,
EURGBP,0.8712,5046,1499185144,,,,
GBPJPY,144.8234,5854,1499187928,,,,
USDAUD,1.3436,3535,1499145573,,BUY,,
JPYZAR,0.1104,195,1499059015,TR_3,,UA_9,
GBPEUR,1.1474,228,1498983254,TR_1,,,CR_1
USDCAD,1.2424,5945,1498938579,,SELL,,
NZDEUR,0.6014,112,1499015320,TR_4,SELL,UA_8,CR_3
JPYCAD,0.0103,9475,1499124255,TR_5,BUY,,
CADGBP,0.6181,4441,1499150033,TR_3,BUY,UA_1,
GBPUSD,1.34,2783,1499193429,TR_1,,UA_2,
JPYCAD,0.0101,2312,1499157886,TR_4,,UA_7,
AUDUSD,0.8311,3620,1498969141,,BUY,,
ZARCAD,0.0877,6462,1498945960,,BUY,,CR_1
CADCHF,0.751,377,1499134638,TR_2,,,
JPYUSD,0.0095,859,1499085461,,,UA_9,CR_3
EURNZD,1.6171,2753,1499177282,,SELL,UA_6,CR_3
CADCHF,0.8117,2698,1498926752,TR_1,,,CR_1
GBPNZD,1.6955,8809,1499074094,TR_4,BUY,UA_4,CR_3
CHFGBP,0.8424,3975,1498910123,TR_5,BUY,UA_1,CR_2
EURCHF,1.1896,6511,1499135975,,SELL,,CR_1
AUDGBP,0.6496,5971,1499062523,,BUY,,
